{"stats":{"minecraft:mined":{"minecraft:short_grass":1,"minecraft:grass_block":2,"minecraft:dark_oak_leaves":38,"minecraft:azalea_leaves":6,"minecraft:dark_oak_log":10,"minecraft:birch_leaves":2,"minecraft:oak_leaves":7},"minecraft:custom":{"minecraft:time_since_rest":51069,"minecraft:play_time":65820,"minecraft:sprint_one_cm":42308,"minecraft:damage_taken":550,"minecraft:deaths":2,"minecraft:walk_one_cm":19542,"minecraft:sneak_time":48,"minecraft:walk_under_water_one_cm":111,"minecraft:mob_kills":1,"minecraft:drop":1,"minecraft:jump":406,"minecraft:damage_dealt":100,"minecraft:time_since_death":51065,"minecraft:walk_on_water_one_cm":891,"minecraft:total_world_time":65820,"minecraft:interact_with_crafting_table":3,"minecraft:swim_one_cm":4397,"minecraft:fall_one_cm":19891,"minecraft:fly_one_cm":74423},"minecraft:used":{"minecraft:dirt":2,"minecraft:beef":1,"minecraft:crafting_table":1},"minecraft:dropped":{"minecraft:dark_oak_sapling":1},"minecraft:picked_up":{"minecraft:dark_oak_sapling":2,"minecraft:stick":2,"minecraft:leather":1,"minecraft:beef":1,"minecraft:dark_oak_log":10,"minecraft:dirt":2},"minecraft:crafted":{"minecraft:dark_oak_planks":40,"minecraft:crafting_table":1},"minecraft:killed":{"minecraft:cow":1},"minecraft:killed_by":{"minecraft:spider":1}},"DataVersion":3953}